{
  "project_info": {
    "project_number": "301508928311",
    "firebase_url": "https://sensoriot-39203.firebaseio.com",
    "project_id": "sensoriot-39203",
    "storage_bucket": "sensoriot-39203.appspot.com"
  },
  "client": [
    {
      "client_info": {
        "mobilesdk_app_id": "1:301508928311:android:842435b2b7a01ff95af0b2",
        "android_client_info": {
          "package_name": "com.example.iot"
        }
      },
      "oauth_client": [
        {
          "client_id": "301508928311-tdiulheko9oc5n1i50vhtvphbe6teia2.apps.googleusercontent.com",
          "client_type": 3
        }
      ],
      "api_key": [
        {
          "current_key": "AIzaSyBsrzhrk75qER6pkFhgI59QOfnXU7p6axc"
        }
      ],
      "services": {
        "appinvite_service": {
          "other_platform_oauth_client": [
            {
              "client_id": "301508928311-tdiulheko9oc5n1i50vhtvphbe6teia2.apps.googleusercontent.com",
              "client_type": 3
            }
          ]
        }
      }
    }
  ],
  "configuration_version": "1"
}